Number,Names,Colours,Animal,Vegetable,Mineral,Category,Component parts (OCR transcribed),colour value - rgb,sampled colour value - hex,sampled colour value - rgb,sampled colour value - hsl,sampling scan quality,sampling notes,IntArcOrg image url
1,Snow White,https://archive.org/stream/gri_c00033125012743312#page/n29/mode/1up,Breast of the black headed Gull,Snow-Drop,Carara Marble and Calc Sinter,Whites,"No. 1. Snow White, is the characteristic colour of the whites ; it is the purest white colour ; being free of all intermixture, it resembles new-fallen snow. W. ","237,234,206",f9faf8,"249,250,248","90,17,98",Good,Photoshop autotone and color balance adjust 100px eyedropper sample,https://archive.org/download/gri_c00033125012743312/gri_c00033125012743312_jp2.zip/gri_c00033125012743312_jp2%2Fgri_c00033125012743312_0029.jpg
2,Reddish White,https://archive.org/stream/gri_c00033125012743312#page/n29/mode/1up,Egg of Grey Linnet,Back of the Christmas Rose,Porcelain Earth,Whites,"2. Reddish White, is composed of snow white, with a very minute portion of  crimson red and ash grey. W.","238,232,210",faf9fa,"250,249,250","300,9,98",Good,Photoshop autotone and color balance adjust 100px eyedropper sample,https://archive.org/download/gri_c00033125012743312/gri_c00033125012743312_jp2.zip/gri_c00033125012743312_jp2%2Fgri_c00033125012743312_0029.jpg
3,Purplish White,https://archive.org/stream/gri_c00033125012743312#page/n29/mode/1up,Junction of the Neck and Back of the Kittiwake Gull,White Geranium or Storks Bill,Arragonite,Whites,"3. Purplish White, is snow white, with the slightest tinge of crimson red and Berlin blue, and a very minute portion of ash grey.","238,228,210",f4f6fb,"244,246,251","223,47,97",Good,Photoshop autotone and color balance adjust 100px eyedropper sample,https://archive.org/download/gri_c00033125012743312/gri_c00033125012743312_jp2.zip/gri_c00033125012743312_jp2%2Fgri_c00033125012743312_0029.jpg
4,Yellowish White,https://archive.org/stream/gri_c00033125012743312#page/n29/mode/1up,Egret,Hawthorn Blossom,Chalk and Tripoli,Whites,"No. 4. Yellowish White, is composed of snow white, with a very little lemon yellow and ash grey. W.","240,236,204",fbfbf6,"251,251,246","60,38,97",Good,Photoshop autotone and color balance adjust 100px eyedropper sample,https://archive.org/download/gri_c00033125012743312/gri_c00033125012743312_jp2.zip/gri_c00033125012743312_jp2%2Fgri_c00033125012743312_0029.jpg
5,Orange White,https://archive.org/stream/gri_c00033125012743312#page/n29/mode/1up,Breast of White or Screech Owl,Large Wild Convolvulus,French Porcelain Clay,Whites,"5. Orange-coloured White, is snow white, with a -very* small portion of tile red and king's yellow, and a minute portion of ash grey. ","240,232,204",fcfaf5,"252,250,245","43,54,97",Good,Photoshop autotone and color balance adjust 100px eyedropper sample,https://archive.org/download/gri_c00033125012743312/gri_c00033125012743312_jp2.zip/gri_c00033125012743312_jp2%2Fgri_c00033125012743312_0029.jpg
6,Greenish White,https://archive.org/stream/gri_c00033125012743312#page/n29/mode/1up,Vent Coverts of Golden crested Wren,Polyanthus Narcissus,Calc Sinter,Whites,"6. Greenish White, is snow white, mixed with a very little emerald green and ash grey. W","244,236,204",fbfdf8,"251,253,248","84,56,98",Good,Photoshop autotone and color balance adjust 100px eyedropper sample,https://archive.org/download/gri_c00033125012743312/gri_c00033125012743312_jp2.zip/gri_c00033125012743312_jp2%2Fgri_c00033125012743312_0029.jpg
7,Skimmed milk White,https://archive.org/stream/gri_c00033125012743312#page/n29/mode/1up,White of Human Eyeballs,Back of the Petals of Blue Hepatica,Common Opal,Whites,"7, Skimmed-milk White, is snow white, mixed with a little Berlin blue and ash grey. W.","230,226,204",edf0f2,"237,240,242","204,16,94",Good,Photoshop autotone and color balance adjust 100px eyedropper sample,https://archive.org/download/gri_c00033125012743312/gri_c00033125012743312_jp2.zip/gri_c00033125012743312_jp2%2Fgri_c00033125012743312_0029.jpg
8,Greyish White,https://archive.org/stream/gri_c00033125012743312#page/n29/mode/1up,Inside Quill-feathers of the Kittiwake,White Hamburgh Grapes,Granular Limestone,Whites,"8. Greyish White, is snow white, mixed with a little ash grey. W. ","227,220,202",e7ecef,"231,236,239","202,20,92",Good,Photoshop autotone and color balance adjust 100px eyedropper sample,https://archive.org/download/gri_c00033125012743312/gri_c00033125012743312_jp2.zip/gri_c00033125012743312_jp2%2Fgri_c00033125012743312_0029.jpg
9,Ash Grey ,https://archive.org/stream/gri_c00033125012743312#page/n33/mode/1up,Breast of long tailed Hen Titmouse,French Wood ashes,Flint,Greys,"No. 9. Ash Grey, is the characteristic colour of Werner's greys ; he gives no description of its component parts ; it is composed of snow white, with portions of smoke and French grey, and a very little yellowish grey and carmine red. W.","204,200,184",d1d8dd,"209,216,211","137,8,83",Good,Photoshop autotone and color balance adjust 100px eyedropper sample,https://archive.org/download/gri_c00033125012743312/gri_c00033125012743312_jp2.zip/gri_c00033125012743312_jp2%2Fgri_c00033125012743312_0033.jpg
10,Smoke Grey,https://archive.org/stream/gri_c00033125012743312#page/n33/mode/1up,Breast of the Robin round the Red,,Flint,Greys,"10. Smoke Grey, is ash grey mixed with a little brown. W. ","190,188,174",c0c7d3,"192,199,211","218,18,79",Good,Photoshop autotone and color balance adjust 100px eyedropper sample,https://archive.org/download/gri_c00033125012743312/gri_c00033125012743312_jp2.zip/gri_c00033125012743312_jp2%2Fgri_c00033125012743312_0033.jpg
11,French Grey,https://archive.org/stream/gri_c00033125012743312#page/n33/mode/1up,Breast of the Pied Wag Tail,,,Greys,"11. French Grey, nearly the steel grey of Werner, without the lustre, is greyish white, with a slight tinge of black and carmine red.","190,190,180",c1cad8,"193,202,216","217,23,80",Good,Photoshop autotone and color balance adjust 100px eyedropper sample,https://archive.org/download/gri_c00033125012743312/gri_c00033125012743312_jp2.zip/gri_c00033125012743312_jp2%2Fgri_c00033125012743312_0033.jpg
12,Pearl Grey,https://archive.org/stream/gri_c00033125012743312#page/n33/mode/1up,Backs of Black headed and Kittiwake Gulls,Back of Petals of Purple Hepatica,Porcelain Jasper,Greys,"12. Pearl Grey, is ash grey mixed with a little crimson red and blue, or bluish grey with a little red. W.","184,180,172",b8c0ce,"184,192,206","218,18,76",Good,Photoshop autotone and color balance adjust 100px eyedropper sample,https://archive.org/download/gri_c00033125012743312/gri_c00033125012743312_jp2.zip/gri_c00033125012743312_jp2%2Fgri_c00033125012743312_0033.jpg
13,Yellowish Grey,https://archive.org/stream/gri_c00033125012743312#page/n33/mode/1up,Vent coverts of White Rump,Stems of the Barberry,Common Calcedony,Greys,"No. 13. Yellowish Grey, is ash grey mixed with lemon yellow and a minute portion of brown. W. ","182,178,148",b9bba9,"185,187,169","67,12,70",Good,Photoshop autotone and color balance adjust 100px eyedropper sample,https://archive.org/download/gri_c00033125012743312/gri_c00033125012743312_jp2.zip/gri_c00033125012743312_jp2%2Fgri_c00033125012743312_0033.jpg
14,Bluish Grey,https://archive.org/stream/gri_c00033125012743312#page/n33/mode/1up,Back and tail Coverts Wood Pigeon,,Limestone,Greys,"14. Bluish Grey, is ash grey mixed with a little blue. W. ","158,158,156",9aa3b7,"154,163,183","221,17,66",Good,Photoshop autotone and color balance adjust 100px eyedropper sample,https://archive.org/download/gri_c00033125012743312/gri_c00033125012743312_jp2.zip/gri_c00033125012743312_jp2%2Fgri_c00033125012743312_0033.jpg
15,Greenish Grey,https://archive.org/stream/gri_c00033125012743312#page/n33/mode/1up,Quill feathers of the Robin,Bark of Ash Tree,Clay Slate Wacke,Greys,"15. Greenish Grey, is ash grey mixed with a little emerald green, a small portion of black, and a little lemon yellow. W.","143,140,132",828d96,"130,141,150","207,9,55",Good,Photoshop autotone and color balance adjust 100px eyedropper sample,https://archive.org/download/gri_c00033125012743312/gri_c00033125012743312_jp2.zip/gri_c00033125012743312_jp2%2Fgri_c00033125012743312_0033.jpg
16,Blackish Grey,https://archive.org/stream/gri_c00033125012743312#page/n33/mode/1up,Back of Nut-hatch,Old Stems of Hawthorn,Flint,Greys,"16. Blackish Grey, blackish lead grey of Werner without the lustre, is ash grey, with a little blue and a portion of black.","94,92,98",494f67,"73,79,103","228,17,35",Good,Photoshop autotone and color balance adjust 100px eyedropper sample,https://archive.org/download/gri_c00033125012743312/gri_c00033125012743312_jp2.zip/gri_c00033125012743312_jp2%2Fgri_c00033125012743312_0033.jpg
17,Greyish Black,https://archive.org/stream/gri_c00033125012743312#page/n37/mode/1up,White Ousel. Breast and upper Part of Back Water Hen,,Basalt,Blacks,"No. 17. Greyish Black, is composed of velvet black, with a portion of ash grey. W ","88,84,84",424451,"66,68,81","232,10,29",Good,Photoshop autotone and color balance adjust 100px eyedropper sample,https://archive.org/download/gri_c00033125012743312/gri_c00033125012743312_jp2.zip/gri_c00033125012743312_jp2%2Fgri_c00033125012743312_0037.jpg
18,Bluish Black,https://archive.org/stream/gri_c00033125012743312#page/n37/mode/1up,Largest Black Slug,Crowberry,Black Colbalt Ochre,Blacks,"18. Bluish Black, is velvet black, mixed with a little blue and blackish grey. W.","70,68,74",2c2e3e,"44,46,62","233,17,21",Good,Photoshop autotone and color balance adjust 100px eyedropper sample,https://archive.org/download/gri_c00033125012743312/gri_c00033125012743312_jp2.zip/gri_c00033125012743312_jp2%2Fgri_c00033125012743312_0037.jpg
19,Greenish Black,https://archive.org/stream/gri_c00033125012743312#page/n37/mode/1up,Breast of Lapwing,,Hornblende,Blacks,"19. Greenish Black, is velvet black, mixed with a little brown, yellow, and green. W. ","70,72,73",30343e,"48,52,62","223,13,22",Good,Photoshop autotone and color balance adjust 100px eyedropper sample,https://archive.org/download/gri_c00033125012743312/gri_c00033125012743312_jp2.zip/gri_c00033125012743312_jp2%2Fgri_c00033125012743312_0037.jpg
20,Pitch or Brownish Black,https://archive.org/stream/gri_c00033125012743312#page/n37/mode/1up,Guillemot. Wing Coverts of Black Cock,,Yenite Mica,Blacks,"20. Pitch, or Brownish Black, is velvet black, mixed with a little brown and yellow. W.","70,62,60",2b272e,"43,39,46","274,8,17",Good,Photoshop autotone and color balance adjust 100px eyedropper sample,https://archive.org/download/gri_c00033125012743312/gri_c00033125012743312_jp2.zip/gri_c00033125012743312_jp2%2Fgri_c00033125012743312_0037.jpg
21,Reddish Black,https://archive.org/stream/gri_c00033125012743312#page/n37/mode/1up,Spots on Large Wings of Tyger Moth. Breast of Pochard Duck,Berry of Fuchsia Coccinea,Olivern Ore,Blacks,"21. Reddish Black, is velvet black, mixed with a very little carmine red, and a small portion of chesnut brown.","70,60,58",2b242a,"43,36,42","309,9,15",Good,Photoshop autotone and color balance adjust 100px eyedropper sample,https://archive.org/download/gri_c00033125012743312/gri_c00033125012743312_jp2.zip/gri_c00033125012743312_jp2%2Fgri_c00033125012743312_0037.jpg
22,Ink Black,https://archive.org/stream/gri_c00033125012743312#page/n37/mode/1up,,Berry of Deadly Night Shade,Olivern Ore,Blacks,"22. Ink Black, is velvet black, with a little indigo blue in it. ","43,38,44",0b0b13,"11,11,19","240,27,6",Good,Photoshop autotone and color balance adjust 100px eyedropper sample,https://archive.org/download/gri_c00033125012743312/gri_c00033125012743312_jp2.zip/gri_c00033125012743312_jp2%2Fgri_c00033125012743312_0037.jpg
23,Velvet Black,https://archive.org/stream/gri_c00033125012743312#page/n37/mode/1up,Mole. Tail Feathers of Black Cock,Black of Red and Black West-Indian Peas,Obsidian,Blacks,"No. 23. Velvet Black, is the characteristic colour of the blacks ; it is the colour of black velvet. W. ","40,40,40",0a0a0f,"10,10,15","240,20,5",Good,Photoshop autotone and color balance adjust 100px eyedropper sample,https://archive.org/download/gri_c00033125012743312/gri_c00033125012743312_jp2.zip/gri_c00033125012743312_jp2%2Fgri_c00033125012743312_0037.jpg
24,Scotch Blue,https://archive.org/stream/gri_c00033125012743312#page/n41/mode/1up,Throat of Blue Titmouse,Stamina of Single Purple Anemone,Blue Copper Ore,Blues,"No. 24. Scotch Blue, is Berlin blue, mixed with a considerable portion of velvet black, a very little grey, and a slight tinge of carmine red. W.","46,40,66",110d32,"17,13,50","246,59,12",Good,Photoshop autotone and color balance adjust 100px eyedropper sample,https://archive.org/download/gri_c00033125012743312/gri_c00033125012743312_jp2.zip/gri_c00033125012743312_jp2%2Fgri_c00033125012743312_0041.jpg
25,Prussian Blue,https://archive.org/stream/gri_c00033125012743312#page/n41/mode/1up,Beauty Spot on Wing of Mallard Drake,Stamina of Bluish Purple Anemone,Blue Copper Ore,Blues,"25. Prussian Blue, is Berlin blue, with a considerable portion of velvet black, and a small quantity of indigo blue. ","34,32,73",060740,"6,7,64","239,83,14",Good,Photoshop autotone and color balance adjust 100px eyedropper sample,https://archive.org/download/gri_c00033125012743312/gri_c00033125012743312_jp2.zip/gri_c00033125012743312_jp2%2Fgri_c00033125012743312_0041.jpg
26,Indigo Blue,https://archive.org/stream/gri_c00033125012743312#page/n41/mode/1up,,,Blue Copper Ore,Blues,"26. Indigo Blue, is composed of Berlin blue, a little black, and a small portion of apple green.","91,102,140",475da0,"71,93,160","225,39,45",Good,Photoshop autotone and color balance adjust 100px eyedropper sample,https://archive.org/download/gri_c00033125012743312/gri_c00033125012743312_jp2.zip/gri_c00033125012743312_jp2%2Fgri_c00033125012743312_0041.jpg
27,China Blue,https://archive.org/stream/gri_c00033125012743312#page/n41/mode/1up,Rhynchites Nitens,Back Parts of Gentian Flowers,Blue Copper Ore from Chessy,Blues,"27. China Blue, is azure blue, with a little Prussian blue in it.","58,57,101",262a6b,"38,42,107","237,48,28",Good,Photoshop autotone and color balance adjust 100px eyedropper sample,https://archive.org/download/gri_c00033125012743312/gri_c00033125012743312_jp2.zip/gri_c00033125012743312_jp2%2Fgri_c00033125012743312_0041.jpg
28,Azure Blue,https://archive.org/stream/gri_c00033125012743312#page/n41/mode/1up,Breast of Emerald crested Manakin,Grape Hyacinth. Gentian,Blue Copper Ore,Blues,"28. Azure Blue, is Berlin blue, mixed with a little carmine red : it is a burning colour. W.","100,112,145",5465a5,"84,101,165","227,33,49",Good,Photoshop autotone and color balance adjust 100px eyedropper sample,https://archive.org/download/gri_c00033125012743312/gri_c00033125012743312_jp2.zip/gri_c00033125012743312_jp2%2Fgri_c00033125012743312_0041.jpg
29,Ultramarine Blue,https://archive.org/stream/gri_c00033125012743312#page/n41/mode/1up,Upper Side of the Wings of small blue Heath Butterfly,Borrage,Azure Stone or Lapis Lazuli,Blues,"No. 29. Ultramarine Blue, is a mixture of equal parts of Berlin and azure blue.","111,123,186",6077e2,"96,119,226","229,69,63",Good,Photoshop autotone and color balance adjust 100px eyedropper sample,https://archive.org/download/gri_c00033125012743312/gri_c00033125012743312_jp2.zip/gri_c00033125012743312_jp2%2Fgri_c00033125012743312_0041.jpg
30,Flax-flower Blue,https://archive.org/stream/gri_c00033125012743312#page/n41/mode/1up,Light Parts of the Margin of the Wings of Devil's Butterfly,Flax flower,Blue Copper Ore,Blues,"30. Flax-Flower Blue, is Berlin blue, with a slight tinge of ultramarine blue.","120,139,173",6d8ad2,"109,138,210","223,53,63",Good,Photoshop autotone and color balance adjust 100px eyedropper sample,https://archive.org/download/gri_c00033125012743312/gri_c00033125012743312_jp2.zip/gri_c00033125012743312_jp2%2Fgri_c00033125012743312_0041.jpg
31,Berlin Blue,https://archive.org/stream/gri_c00033125012743312#page/n41/mode/1up,Wing Feathers of Jay,Hepatica,Blue Sapphire,Blues,"31. Berlin Blue, is the pure, or characteristic colour of Werner. W.","130,150,178",7b99dc,"123,153,220","221,58,67",Good,Photoshop autotone and color balance adjust 100px eyedropper sample,https://archive.org/download/gri_c00033125012743312/gri_c00033125012743312_jp2.zip/gri_c00033125012743312_jp2%2Fgri_c00033125012743312_0041.jpg
32,Verditter Blue,https://archive.org/stream/gri_c00033125012743312#page/n41/mode/1up,,,Lenticular Ore,Blues,"32. Verditter Blue, is Berlin blue, with a small portion of verdigris green.","138,180,172",80c0d6,"128,192,214","195,51,67",Good,Photoshop autotone and color balance adjust 100px eyedropper sample,https://archive.org/download/gri_c00033125012743312/gri_c00033125012743312_jp2.zip/gri_c00033125012743312_jp2%2Fgri_c00033125012743312_0041.jpg
33,Greenish Blue,https://archive.org/stream/gri_c00033125012743312#page/n41/mode/1up,,Great Fennel Flower,Turquois. Flour Spar,Blues,"33. Greenish Blue, the sky blue of Werner, is composed of Berlin blue, white, and a little emerald green. W.","130,156,166",78a2c0,"120,162,192","205,36,61",Good,Photoshop autotone and color balance adjust 100px eyedropper sample,https://archive.org/download/gri_c00033125012743312/gri_c00033125012743312_jp2.zip/gri_c00033125012743312_jp2%2Fgri_c00033125012743312_0041.jpg
34,Greyish Blue,https://archive.org/stream/gri_c00033125012743312#page/n41/mode/1up,Back of blue Titmouse,Small Fennel Flower,Iron Earth,Blues,"34. Greyish Blue, the smalt blue of Werner, is composed of Berlin blue, with white, a small quantity of grey, and a hardly perceptible portion of red. W.","146,160,166",8da9c6,"141,169,198","211,33,66",OK,Photoshop autotone and color balance adjust 100px eyedropper sample,https://archive.org/download/gri_c00033125012743312/gri_c00033125012743312_jp2.zip/gri_c00033125012743312_jp2%2Fgri_c00033125012743312_0041.jpg
35,Bluish Lilac Purple,https://archive.org/stream/gri_c00033125012743312#page/n45/mode/1up,Male of the Lebellula Depressa,Blue Lilac,Lepidolite,Purples,"No. 35. Bluish Lilac Purple, is bluish purple and white.","210,212,214",d9ebfe,"217,235,254","211,95,92",OK,Photoshop autotone and color balance adjust 100px eyedropper sample,https://archive.org/download/gri_c00033125012743312/gri_c00033125012743312_jp2.zip/gri_c00033125012743312_jp2%2Fgri_c00033125012743312_0045.jpg
36,Bluish Purple,https://archive.org/stream/gri_c00033125012743312#page/n45/mode/1up,Papilio Argeolus. Azure Blue Butterfly,Parts of White and Purple Crocus,,Purples,"36. Bluish Purple, is composed of about equal parts of Berlin blue and carmine red. ","136,144,172",7b8eca,"123,142,202","226,43,64",OK,Photoshop autotone and color balance adjust 100px eyedropper sample,https://archive.org/download/gri_c00033125012743312/gri_c00033125012743312_jp2.zip/gri_c00033125012743312_jp2%2Fgri_c00033125012743312_0045.jpg
37,Violet Purple,https://archive.org/stream/gri_c00033125012743312#page/n45/mode/1up,,Purple Aster,Amethyst,Purples,"37. Violet Purple, violet blue of Werner, is Berlin blue mixed with red, and a little brown. W. ","60,52,84",1e1753,"30,23,83","247,57,21",OK,Photoshop autotone and color balance adjust 100px eyedropper sample,https://archive.org/download/gri_c00033125012743312/gri_c00033125012743312_jp2.zip/gri_c00033125012743312_jp2%2Fgri_c00033125012743312_0045.jpg
38,Pansy Purple,https://archive.org/stream/gri_c00033125012743312#page/n45/mode/1up,Chrysomela Goettingensis,Sweet-scented Violet,Derbyshire Spar,Purples,"38. Pansy Purple, is indigo blue, with carmine red, and a slight tinge of raven black.","62,58,76",1e1b48,"30,27,72","244,45,19",OK,Photoshop autotone and color balance adjust 100px eyedropper sample,https://archive.org/download/gri_c00033125012743312/gri_c00033125012743312_jp2.zip/gri_c00033125012743312_jp2%2Fgri_c00033125012743312_0045.jpg
39,Campanula Purple,https://archive.org/stream/gri_c00033125012743312#page/n45/mode/1up,,Canterbury Bell. Campanula Persicifolia,Fluor Spar,Purples,"39- Campanula Purple, is ultramarine blue and carmine red, about equal parts of each : it is the characteristic colour.","111,112,148",5b61a8,"91,97,168","235,31,51",OK,Photoshop autotone and color balance adjust 100px eyedropper sample,https://archive.org/download/gri_c00033125012743312/gri_c00033125012743312_jp2.zip/gri_c00033125012743312_jp2%2Fgri_c00033125012743312_0045.jpg
40,Imperial Purple,https://archive.org/stream/gri_c00033125012743312#page/n45/mode/1up,,Deep Parts of Flower ofSaffron Crocus,Fluor Spar,Purples,"No. 40. Imperial Purple, is azure and indigo blue, with carmine red, about equal parts of each.","88,76,116",3f3982,"63,57,130","245,39,37",OK,Photoshop autotone and color balance adjust 100px eyedropper sample,https://archive.org/download/gri_c00033125012743312/gri_c00033125012743312_jp2.zip/gri_c00033125012743312_jp2%2Fgri_c00033125012743312_0045.jpg
41,Auricula Purple,https://archive.org/stream/gri_c00033125012743312#page/n45/mode/1up,Egg of largest Blue-bottle. Or Flesh Fly,Largest Purple Auricula,Fluor Spar,Purples,"41. Auricula Purple, is plum purple, with indigo blue and much carmine red.","78,58,85",361e53,"54,30,83","267,47,22",OK,Photoshop autotone and color balance adjust 100px eyedropper sample,https://archive.org/download/gri_c00033125012743312/gri_c00033125012743312_jp2.zip/gri_c00033125012743312_jp2%2Fgri_c00033125012743312_0045.jpg
42,Plum Purple,https://archive.org/stream/gri_c00033125012743312#page/n45/mode/1up,,Plum,Fluor Spar,Purples,"42. Plum Purple, the plum blue of Werner, is composed of Berlin blue, with much carmine red, a very little brown, and an almost imperceptible portion of black. W. ","69,58,86",29205a,"41,32,90","249,48,24",OK,Photoshop autotone and color balance adjust 100px eyedropper sample,https://archive.org/download/gri_c00033125012743312/gri_c00033125012743312_jp2.zip/gri_c00033125012743312_jp2%2Fgri_c00033125012743312_0045.jpg
43,Red Lilac Purple,https://archive.org/stream/gri_c00033125012743312#page/n45/mode/1up,Light Spots of the upper Wings of Peacock Butterfly,Red Lilac. Pale Purple Primrose,Lepidolite,Purples,"43. Red Lilac Purple, is campanula purple, with a considerable portion of snow white, and a very little carmine red. ","189,186,192",c1c9e8,"193,201,232","228,46,83",OK,Photoshop autotone and color balance adjust 100px eyedropper sample,https://archive.org/download/gri_c00033125012743312/gri_c00033125012743312_jp2.zip/gri_c00033125012743312_jp2%2Fgri_c00033125012743312_0045.jpg
44,Lavendar Purple,https://archive.org/stream/gri_c00033125012743312#page/n45/mode/1up,Light Parts of Spots on the under Wings of Peacock Butterfly,Dried Lavendar Flowers,Porcelain Jasper,Purples,"44. Lavender Purple, the lavender blue of Werner, is composed of blue, red, and a little brown and grey. W. ","118,118,129",686c8e,"104,108,142","234,15,48",OK,Photoshop autotone and color balance adjust 100px eyedropper sample,https://archive.org/download/gri_c00033125012743312/gri_c00033125012743312_jp2.zip/gri_c00033125012743312_jp2%2Fgri_c00033125012743312_0045.jpg
45,Pale Bluish Purple,https://archive.org/stream/gri_c00033125012743312#page/n45/mode/1up,,,Porcelain Jasper,Purples,"45. Pale Bluish Purple, is lavender purple mixed with a little red and black.","76,74,94",32335f,"50,51,95","239,31,28",Bad,Photoshop autotone and color balance adjust 100px eyedropper sample,https://archive.org/download/gri_c00033125012743312/gri_c00033125012743312_jp2.zip/gri_c00033125012743312_jp2%2Fgri_c00033125012743312_0045.jpg
46,Celandine Green,https://archive.org/stream/gri_c00033125012743312#page/n49/mode/1up,Phalœna Margaritaria,Back of Tussilage Leaves,Beryl,Greens,"No. 46. Celindine Green, is composed of verdigris green and ash grey. W. ","189,190,178",b6bdae,"182,189,174","88,10,71",Bad,Photoshop autotone and color balance adjust 100px eyedropper sample,https://archive.org/download/gri_c00033125012743312/gri_c00033125012743312_jp2.zip/gri_c00033125012743312_jp2%2Fgri_c00033125012743312_0049.jpg
47,Mountain Green,https://archive.org/stream/gri_c00033125012743312#page/n49/mode/1up,Phalœna Viridaria,"Thick leaved Cudweed, Silver leaved Almond",Actynolite Beryl,Greens,"47. Mountain Green, is composed of emerald green, with much blue and a little yellowish grey. W.","182,180,154",aeb197,"174,177,151","67,14,64",Bad,Photoshop autotone and color balance adjust 100px eyedropper sample,https://archive.org/download/gri_c00033125012743312/gri_c00033125012743312_jp2.zip/gri_c00033125012743312_jp2%2Fgri_c00033125012743312_0049.jpg
48,Leek Green,https://archive.org/stream/gri_c00033125012743312#page/n49/mode/1up,,"Sea Kale, Leaves of Leeks in Winter",Actynolite Prase,Greens,"48. Leek Green, is composed of emerald green, with a little brown and bluish grey. W. ","156,156,132",919682,"145,150,150","180,2,58",Bad,Photoshop autotone and color balance adjust 100px eyedropper sample,https://archive.org/download/gri_c00033125012743312/gri_c00033125012743312_jp2.zip/gri_c00033125012743312_jp2%2Fgri_c00033125012743312_0049.jpg
49,Blackish Green,https://archive.org/stream/gri_c00033125012743312#page/n49/mode/1up,Elytra of Meloe Violaceus,Dark Streaks on Leaves of Cayenne Pepper,Serpentine,Greens,"49. Blackish Green, is grass green mixed with a considerable portion of black. W. ","100,100,100",4b5059,"75,80,89","219,9,32",Bad,Photoshop autotone and color balance adjust 100px eyedropper sample,https://archive.org/download/gri_c00033125012743312/gri_c00033125012743312_jp2.zip/gri_c00033125012743312_jp2%2Fgri_c00033125012743312_0049.jpg
50,Verdigris Green,https://archive.org/stream/gri_c00033125012743312#page/n49/mode/1up,Tail of small Long-tailed Green Parrot,,Copper Green,Greens,"50. Verdigris Green, is composed of emerald green, much Berlin blue, and a little white. W. ","124,173,137",71aa89,"113,170,137","145,25,55",Bad,Photoshop autotone and color balance adjust 100px eyedropper sample,https://archive.org/download/gri_c00033125012743312/gri_c00033125012743312_jp2.zip/gri_c00033125012743312_jp2%2Fgri_c00033125012743312_0049.jpg
51,Bluish Green,https://archive.org/stream/gri_c00033125012743312#page/n49/mode/1up,Egg of Thrush,Under Disk of Wild Rose Leaves,Beryl,Greens,"No. 51. Bluish Green, is composed of Berlin blue, and a little lemon yellow and greyish white.","171,180,166",a4b3a6,"164,179,166","128,9,67",Bad,Photoshop autotone and color balance adjust 100px eyedropper sample,https://archive.org/download/gri_c00033125012743312/gri_c00033125012743312_jp2.zip/gri_c00033125012743312_jp2%2Fgri_c00033125012743312_0049.jpg
52,Apple Green,https://archive.org/stream/gri_c00033125012743312#page/n49/mode/1up,Under Side of Wings of Green Broom Moth,,Crysoprase,Greens,"52 Apple Green, is emerald green mixed with a little greyish white. W. ","178,188,156",abb796,"171,183,150","82,19,65",Bad,Photoshop autotone and color balance adjust 100px eyedropper sample,https://archive.org/download/gri_c00033125012743312/gri_c00033125012743312_jp2.zip/gri_c00033125012743312_jp2%2Fgri_c00033125012743312_0049.jpg
53,Emerald Green,https://archive.org/stream/gri_c00033125012743312#page/n49/mode/1up,Beauty Spot on Wing of Teal Drake,,Emerald,Greens,"53. Emerald Green, is the characteristic colour of Werner ; he gives no description of the component parts of any of the characteristic colours ; it is composed of about equal parts of Berlin blue and gamboge yellow. ","160,184,124",97b578,"151,181,120","90,29,59",Bad,Photoshop autotone and color balance adjust 100px eyedropper sample,https://archive.org/download/gri_c00033125012743312/gri_c00033125012743312_jp2.zip/gri_c00033125012743312_jp2%2Fgri_c00033125012743312_0049.jpg
54,Grass Green,https://archive.org/stream/gri_c00033125012743312#page/n52/mode/1up,Scarabœus Nobilis,General Appearance of Grass Fields. Sweet Sugar Pear,Uran Mica,Greens,"54. Grass Green, is emerald green mixed with a little lemon yellow. W.","134,140,90",86996d,"134,153,109","86,18,51",OK,Photoshop autotone and color balance adjust 100px eyedropper sample,https://archive.org/download/gri_c00033125012743312/gri_c00033125012743312_jp2.zip/gri_c00033125012743312_jp2%2Fgri_c00033125012743312_0052.jpg
55,Duck Green,https://archive.org/stream/gri_c00033125012743312#page/n52/mode/1up,Neck of Mallard,Upper Disk of Yew Leaves,Ceyanite,Greens,"55. Duck Green, W. a new colour of Werner's, added since the publication of his nomenclature ; it is composed of emerald green, with a little indigo blue, much gamboge yellow, and a very little carmine red.","61,70,39",334429,"51,68,41","98,25,21",OK,Photoshop autotone and color balance adjust 100px eyedropper sample,https://archive.org/download/gri_c00033125012743312/gri_c00033125012743312_jp2.zip/gri_c00033125012743312_jp2%2Fgri_c00033125012743312_0052.jpg
56,Sap Green,https://archive.org/stream/gri_c00033125012743312#page/n52/mode/1up,Under Side of Lower Wings of Orange tip Butterfly,Upper Disk of Leaves of woody Night Shade,,Greens,"No. 56. Sap Green, is emerald green, with much saffron yellow, and a little chesnut brown.","128,136,65",829249,"130,146,73","73,33,43",OK,Photoshop autotone and color balance adjust 100px eyedropper sample,https://archive.org/download/gri_c00033125012743312/gri_c00033125012743312_jp2.zip/gri_c00033125012743312_jp2%2Fgri_c00033125012743312_0052.jpg
57,Pistachio Green,https://archive.org/stream/gri_c00033125012743312#page/n52/mode/1up,Neck of Eider Drake,Ripe Pound Pear. Hypnum like Saxifrage,Crysolite,Greens,"57. Pistachio Green, is emerald green mixed with a little lemon yellow, and a small quantity of brown. W. ","146,152,81",98a760,"152,167,96","73,29,52",OK,Photoshop autotone and color balance adjust 100px eyedropper sample,https://archive.org/download/gri_c00033125012743312/gri_c00033125012743312_jp2.zip/gri_c00033125012743312_jp2%2Fgri_c00033125012743312_0052.jpg
58,Asparagus Green,https://archive.org/stream/gri_c00033125012743312#page/n52/mode/1up,Brimstone Butterfly,Variegated Horse-Shoe Geranium,Beryl,Greens,"58. Asparagus Green, is pistachio green, mixed with much greyish white. W.","194,194,147",d0d9b9,"208,217,185","77,30,79",OK,Photoshop autotone and color balance adjust 100px eyedropper sample,https://archive.org/download/gri_c00033125012743312/gri_c00033125012743312_jp2.zip/gri_c00033125012743312_jp2%2Fgri_c00033125012743312_0052.jpg
59,Olive Green,https://archive.org/stream/gri_c00033125012743312#page/n52/mode/1up,,Foliage of Lignum vitæ,Epidote olvene Ore,Greens,"59. Olive Green, is grass green mixed with much brown. W. ","110,120,98",6d7f75,"109,127,117","147,8,46",OK,Photoshop autotone and color balance adjust 100px eyedropper sample,https://archive.org/download/gri_c00033125012743312/gri_c00033125012743312_jp2.zip/gri_c00033125012743312_jp2%2Fgri_c00033125012743312_0052.jpg
60,Oil Green,https://archive.org/stream/gri_c00033125012743312#page/n52/mode/1up,Animal and Shell of common Water Snail,Nonpareil Apple from the Wall,Beryl,Greens,"60. Oil Green, is emerald green mixed with lemon yellow, chesnut brown, and yellowish grey. W.","165,146,80",ad9f61,"173,159,97","49,32,53",OK,Photoshop autotone and color balance adjust 100px eyedropper sample,https://archive.org/download/gri_c00033125012743312/gri_c00033125012743312_jp2.zip/gri_c00033125012743312_jp2%2Fgri_c00033125012743312_0052.jpg
61,Siskin Green,https://archive.org/stream/gri_c00033125012743312#page/n52/mode/1up,Siskin,Ripe Coalmar Pear. Irish Pitcher Apple,Uran Mica,Greens,"61. Siskin Green, is emerald green mixed with much lemon yellow, and a little yellowish white. W.","203,200,116",d7e090,"215,224,144","67,56,72",OK,Photoshop autotone and color balance adjust 100px eyedropper sample,https://archive.org/download/gri_c00033125012743312/gri_c00033125012743312_jp2.zip/gri_c00033125012743312_jp2%2Fgri_c00033125012743312_0052.jpg
62,Sulphur Yellow,https://archive.org/stream/gri_c00033125012743312#page/n56/mode/1up,Yellow Parts of large Dragon Fly,Various Coloured Snap dragon,Sulphur,Yellows,"No. 62. Sulphur Yellow, is lemon yellow mixed with emerald green and white. W.","202,196,92",e2d943,"266,217,67","45,112,65",OK,Photoshop autotone and color balance adjust 100px eyedropper sample,https://archive.org/download/gri_c00033125012743312/gri_c00033125012743312_jp2.zip/gri_c00033125012743312_jp2%2Fgri_c00033125012743312_0056.jpg
63,Primrose Yellow,https://archive.org/stream/gri_c00033125012743312#page/n56/mode/1up,Pale Canary Bird,Wild Primrose,Pale coloured Sulphur,Yellows,"63. Primrose Yellow, is gamboge yellow mixed with a little sulphur yellow, and much snow white.","232,220,156",fffeb2,"255,254,178","59,100,85",OK,Photoshop autotone and color balance adjust 100px eyedropper sample,https://archive.org/download/gri_c00033125012743312/gri_c00033125012743312_jp2.zip/gri_c00033125012743312_jp2%2Fgri_c00033125012743312_0056.jpg
64,Wax Yellow,https://archive.org/stream/gri_c00033125012743312#page/n56/mode/1up,Larva of large Water Beetle,Greenish Parts of Nonpareil Apple,Semi Opal,Yellows,"64. Wax Yellow, is composed of lemon yellow, reddish brown, and a little ash grey. W.","166,148,78",bd9e32,"189,158,50","47,58,47",OK,Photoshop autotone and color balance adjust 100px eyedropper sample,https://archive.org/download/gri_c00033125012743312/gri_c00033125012743312_jp2.zip/gri_c00033125012743312_jp2%2Fgri_c00033125012743312_0056.jpg
65,Lemon Yellow,https://archive.org/stream/gri_c00033125012743312#page/n56/mode/1up,Large Wasp or Hornet,Shrubby Goldylocks,Yellow Orpiment,Yellows,"63. Lemon Yellow, the characteristic colour of the yellow series of Werner, the colour of ripe lemons ; W. it is found to be a mixture of gamboge yellow and a little ash grey : being a mixed colour, it cannot be adopted as the characteristic colour ; the characteristic colours of the blues, reds, and yellows ought to be pure and free from all intermixture with anyother colour ; gamboge, as the purest yellow colour, is adopted instead of lemon yellow, as the characteristic colour of the yellows.","215,196,108",f0dd5d,"240,221,93","52,83,65",OK,Photoshop autotone and color balance adjust 100px eyedropper sample,https://archive.org/download/gri_c00033125012743312/gri_c00033125012743312_jp2.zip/gri_c00033125012743312_jp2%2Fgri_c00033125012743312_0056.jpg
66,Gamboge Yellow,https://archive.org/stream/gri_c00033125012743312#page/n56/mode/1up,Wings of Goldfinch. Canary Bird,Yellow Jasmine,High coloured Sulphur,Yellows,"No. 66. Gamboge Yellow, is the characteristic colour. ","226,208,98",fbef4e,"251,239,78","56,96,65",OK,Photoshop autotone and color balance adjust 100px eyedropper sample,https://archive.org/download/gri_c00033125012743312/gri_c00033125012743312_jp2.zip/gri_c00033125012743312_jp2%2Fgri_c00033125012743312_0056.jpg
67,Kings Yellow,https://archive.org/stream/gri_c00033125012743312#page/n56/mode/1up,Head of Golden Pheasant,Yellow Tulip. Cinque foil,,Yellows,"67. King's Yellow, is gamboge yellow, with a small portion of saffron yellow.","231,212,108",fff762,"255,247,98","57,100,69",OK,Photoshop autotone and color balance adjust 100px eyedropper sample,https://archive.org/download/gri_c00033125012743312/gri_c00033125012743312_jp2.zip/gri_c00033125012743312_jp2%2Fgri_c00033125012743312_0056.jpg
68,Saffron Yellow,https://archive.org/stream/gri_c00033125012743312#page/n56/mode/1up,Tail Coverts of Golden Pheasant,Anthers of Saffron Crocus,,Yellows,"68. Saffron Yellow, is gamboge yellow, with gallstone yellow, about equal parts of each.","194,158,56",dea916,"222,169,22","44,82,48",OK,Photoshop autotone and color balance adjust 100px eyedropper sample,https://archive.org/download/gri_c00033125012743312/gri_c00033125012743312_jp2.zip/gri_c00033125012743312_jp2%2Fgri_c00033125012743312_0056.jpg
69,Gallstone Yellow,https://archive.org/stream/gri_c00033125012743312#page/n59/mode/1up,Gallstones,Marigold Apple,,Yellows,"69. Gallstone Yellow, is gamboge yellow, with a small quantity of Dutch orange, and a minute proportion of honey yellow.","150,104,50",a56700,"165,103,0","37,100,32",OK,Photoshop autotone and color balance adjust 100px eyedropper sample,https://archive.org/download/gri_c00033125012743312/gri_c00033125012743312_jp2.zip/gri_c00033125012743312_jp2%2Fgri_c00033125012743312_0059.jpg
70,Honey Yellow,https://archive.org/stream/gri_c00033125012743312#page/n59/mode/1up,Lower Parts of Neck of Bird of Paradise,,Fluor Spar,Yellows,"No. 70. Honey Yellow, is sulphur yellow mixed with chesnut brown. W.","158,128,66",ad8404,"173,132,4","45,95,35",OK,Photoshop autotone and color balance adjust 100px eyedropper sample,https://archive.org/download/gri_c00033125012743312/gri_c00033125012743312_jp2.zip/gri_c00033125012743312_jp2%2Fgri_c00033125012743312_0059.jpg
71,Straw Yellow,https://archive.org/stream/gri_c00033125012743312#page/n59/mode/1up,Polar Bear,Oat Straw,Schorlite Calamine,Yellows,"71. Straw Yellow, is sulphur yellow mixed with much greyish white and a little ochre yellow. W. ","235,212,152",fdf096,"253,240,150","52,96,79",OK,Photoshop autotone and color balance adjust 100px eyedropper sample,https://archive.org/download/gri_c00033125012743312/gri_c00033125012743312_jp2.zip/gri_c00033125012743312_jp2%2Fgri_c00033125012743312_0059.jpg
72,Wine Yellow,https://archive.org/stream/gri_c00033125012743312#page/n59/mode/1up,Body of Silk Moth,White Currants,Saxon Topaz,Yellows,"72. Wine Yellow, is sulphur yellow mixed with reddish brown and grey, with much snow white. W.","214,196,138",e5db75,"229,219,117","55,68,68",OK,Photoshop autotone and color balance adjust 100px eyedropper sample,https://archive.org/download/gri_c00033125012743312/gri_c00033125012743312_jp2.zip/gri_c00033125012743312_jp2%2Fgri_c00033125012743312_0059.jpg
73,Sienna Yellow,https://archive.org/stream/gri_c00033125012743312#page/n59/mode/1up,Vent Parts of Tail of Bird of Paradise,Stamina of Honey-suckle,Pale Brazilian Topaz,Yellows,"73. Sienna Yellow, is primrose yellow, with a little ochre yellow.","235,212,142",fdec85,"253,236,133","52,97,76",OK,Photoshop autotone and color balance adjust 100px eyedropper sample,https://archive.org/download/gri_c00033125012743312/gri_c00033125012743312_jp2.zip/gri_c00033125012743312_jp2%2Fgri_c00033125012743312_0059.jpg
74,Ochre Yellow,https://archive.org/stream/gri_c00033125012743312#page/n59/mode/1up,Vent Coverts of Red Start,,Porcelain Jasper,Yellows,"74. Ochre Yellow, is sienna yellow, with a little light chesnut brown. W.","231,204,136",fbe573,"251,229,115","50,94,72",OK,Photoshop autotone and color balance adjust 100px eyedropper sample,https://archive.org/download/gri_c00033125012743312/gri_c00033125012743312_jp2.zip/gri_c00033125012743312_jp2%2Fgri_c00033125012743312_0059.jpg
75,Cream Yellow,https://archive.org/stream/gri_c00033125012743312#page/n59/mode/1up,Breast of Teal Drake,,Porcelain Jasper,Yellows,"75. Cream Yellow, is ochre yellow mixed with a little white, and a very small quantity of Dutch orange. W.","238,220,170",fff6ba,"255,246,186","52,100,86",OK,Photoshop autotone and color balance adjust 100px eyedropper sample,https://archive.org/download/gri_c00033125012743312/gri_c00033125012743312_jp2.zip/gri_c00033125012743312_jp2%2Fgri_c00033125012743312_0059.jpg
76,Dutch Orange,https://archive.org/stream/gri_c00033125012743312#page/n63/mode/1up,Crest of Golden crested Wren,Common Marigold. Seedpod of Spindle-tree,Streak of Red Orpiment,Orange,"No. 76. Dutch Orange, the orange yellow of Werner, is gamboge yellow, with carmine red. W.","212,168,72",f3af00,"243,175,0","43,100,48",OK,Photoshop autotone and color balance adjust 100px eyedropper sample,https://archive.org/download/gri_c00033125012743312/gri_c00033125012743312_jp2.zip/gri_c00033125012743312_jp2%2Fgri_c00033125012743312_0063.jpg
77,Buff Orange,https://archive.org/stream/gri_c00033125012743312#page/n63/mode/1up,Streak from the Eye of the King Fisher,Stamina of the large White Cistus,Natrolite,Orange,"77. Buff Orange, is sienna yellow, with a little Dutch Orange.","227,188,118",fecf19,"254,107,25","21,99,55",OK,Photoshop autotone and color balance adjust 100px eyedropper sample,https://archive.org/download/gri_c00033125012743312/gri_c00033125012743312_jp2.zip/gri_c00033125012743312_jp2%2Fgri_c00033125012743312_0063.jpg
78,Orpiment Orange,https://archive.org/stream/gri_c00033125012743312#page/n63/mode/1up,"The Neck Ruff of the Golden Pheasant, Belly of the Warty Newt",Indian Cress,,Orange,"78. Orpiment Orange, the characteristic colour, is about equal parts of gamboge yellow and arterial blood red.","190,126,74",e27000,"226,112,0","30,100,44",OK,Photoshop autotone and color balance adjust 100px eyedropper sample,https://archive.org/download/gri_c00033125012743312/gri_c00033125012743312_jp2.zip/gri_c00033125012743312_jp2%2Fgri_c00033125012743312_0063.jpg
79,Brownish Orange,https://archive.org/stream/gri_c00033125012743312#page/n63/mode/1up,Eyes of the largest Flesh Fly,Style of the Orange Lily,Dark Brazilian Topaz,Orange,"79. Brownish Orange, is orpiment orange, with a little hyacinth red, and a small quantity of light chesnut brown. ","133,74,54",a62500,"166,37,0","13,100,33",OK,Photoshop autotone and color balance adjust 100px eyedropper sample,https://archive.org/download/gri_c00033125012743312/gri_c00033125012743312_jp2.zip/gri_c00033125012743312_jp2%2Fgri_c00033125012743312_0063.jpg
80,Reddish Orange,https://archive.org/stream/gri_c00033125012743312#page/n63/mode/1up,Lower Wings of Tyger Moth,Hemimeris Buff Hibiscus,,Orange,"80. Reddish Orange, is buff orange mixed with a considerable portion of tile red.","175,116,80",d16200,"209,98,0","28,100,41",OK,Photoshop autotone and color balance adjust 100px eyedropper sample,https://archive.org/download/gri_c00033125012743312/gri_c00033125012743312_jp2.zip/gri_c00033125012743312_jp2%2Fgri_c00033125012743312_0063.jpg
81,Deep Reddish Orange,https://archive.org/stream/gri_c00033125012743312#page/n63/mode/1up,Gold Fish lustre abstracted,Scarlet Leadington Apple,,Orange,"81. Deep Reddish Orange, is Dutch orange mixed with much scarlet red.","168,99,65",cc4700,"204,71,0","21,100,40",OK,Photoshop autotone and color balance adjust 100px eyedropper sample,https://archive.org/download/gri_c00033125012743312/gri_c00033125012743312_jp2.zip/gri_c00033125012743312_jp2%2Fgri_c00033125012743312_0063.jpg
82,Tile Red,https://archive.org/stream/gri_c00033125012743312#page/n66/mode/1up,Breast of the Cock Bullfinch,Shrubby Pimpernel,Porcelain Jasper,Red,"No. 82. Tile Red, is hyacinth red mixed with much greyish white, and a small portion of scarlet red. W.","182,108,78",d05438,"208,84,65","8,60,54",Good,Photoshop autotone and color balance adjust 100px eyedropper sample,https://archive.org/download/gri_c00033125012743312/gri_c00033125012743312_jp2.zip/gri_c00033125012743312_jp2%2Fgri_c00033125012743312_0066.jpg
83,Hyacinth Red,https://archive.org/stream/gri_c00033125012743312#page/n66/mode/1up,Red Spots of the Lygœus Apterus Fly,Red on the golden Rennette Apple,Hyacinth,Red,"83. Hyacinth Red, is scarlet red, with lemon yellow and a minute proportion of brown.","151,90,60",af3b23,"175,59,35","10,67,41",Good,Photoshop autotone and color balance adjust 100px eyedropper sample,https://archive.org/download/gri_c00033125012743312/gri_c00033125012743312_jp2.zip/gri_c00033125012743312_jp2%2Fgri_c00033125012743312_0066.jpg
84,Scarlet Red,https://archive.org/stream/gri_c00033125012743312#page/n66/mode/1up,"Scarlet Ibis or Curlew, Mark on Head of Red Grouse","Large red Oriental Poppy, Red Parts of red and black Indian Peas",Light red Cinnaber,Red,"84. Scarlet Red, is arterial blood red, with a little gamboge yellow. ","160,67,59",ba1f21,"186,31,33","359,71,43",Good,Photoshop autotone and color balance adjust 100px eyedropper sample,https://archive.org/download/gri_c00033125012743312/gri_c00033125012743312_jp2.zip/gri_c00033125012743312_jp2%2Fgri_c00033125012743312_0066.jpg
85,Vermillion Red,https://archive.org/stream/gri_c00033125012743312#page/n66/mode/1up,Red Coral,Love Apple,Cinnaber,Red,"85. Vermilion Red, is scarlet red, with a minute portion of brownish red.","163,76,66",bc2d27,"188,45,39","2,66,45",Good,Photoshop autotone and color balance adjust 100px eyedropper sample,https://archive.org/download/gri_c00033125012743312/gri_c00033125012743312_jp2.zip/gri_c00033125012743312_jp2%2Fgri_c00033125012743312_0066.jpg
86,Aurora Red,https://archive.org/stream/gri_c00033125012743312#page/n66/mode/1up,Vent converts of Pied Wood-Pecker,Red on the Naked Apple,Red Orpiment,Red,"86. Aurora Red, is tile red, with a little arterial blood red, and. a slight tinge of carmine red. W. ","186,110,92",d65848,"214,88,72","7,63,56",Good,Photoshop autotone and color balance adjust 100px eyedropper sample,https://archive.org/download/gri_c00033125012743312/gri_c00033125012743312_jp2.zip/gri_c00033125012743312_jp2%2Fgri_c00033125012743312_0066.jpg
87,Arterial Blood Red,https://archive.org/stream/gri_c00033125012743312#page/n66/mode/1up,Head of the Cock Gold-finch,Corn Poppy. Cherry,,Red,"87. Arterial Blood Red, is the characteristic colour of the red series. ","102,28,34",730004,"115,0,4","358,100,23",Good,Photoshop autotone and color balance adjust 100px eyedropper sample,https://archive.org/download/gri_c00033125012743312/gri_c00033125012743312_jp2.zip/gri_c00033125012743312_jp2%2Fgri_c00033125012743312_0066.jpg
88,Flesh Red,https://archive.org/stream/gri_c00033125012743312#page/n66/mode/1up,Human Skin,Larkspur,"Heavy Spar, Limestone",Red,"No. 88. Flesh Red, is rose red mixed with tile red and a little white. W.","224,196,156",fed0a4,"254,208,164","29,98,82",Good,Photoshop autotone and color balance adjust 100px eyedropper sample,https://archive.org/download/gri_c00033125012743312/gri_c00033125012743312_jp2.zip/gri_c00033125012743312_jp2%2Fgri_c00033125012743312_0066.jpg
89,Rose Red,https://archive.org/stream/gri_c00033125012743312#page/n66/mode/1up,,Common Garden Rose,Figure Stone,Red,"89. Rose Red, is carmine red, with a great quantity of snow white, and a very small portion of cochineal red. W.","239,220,196",fff2dc,"255,242,220","38,100,93",Good,Photoshop autotone and color balance adjust 100px eyedropper sample,https://archive.org/download/gri_c00033125012743312/gri_c00033125012743312_jp2.zip/gri_c00033125012743312_jp2%2Fgri_c00033125012743312_0066.jpg
90,Peach Blossom Red,https://archive.org/stream/gri_c00033125012743312#page/n66/mode/1up,,Peach Blossom,Red Cobalt Ore,Red,"90. Peach Blossom Red, is lake red mixed with much white. W.","230,204,194",ffe1d6,"255,225,214","16,100,92",Good,Photoshop autotone and color balance adjust 100px eyedropper sample,https://archive.org/download/gri_c00033125012743312/gri_c00033125012743312_jp2.zip/gri_c00033125012743312_jp2%2Fgri_c00033125012743312_0066.jpg
91,Carmine Red,https://archive.org/stream/gri_c00033125012743312#page/n69/mode/1up,,"Raspberry, Cocks Comb, Carnation Pink",Oriental Ruby,Red,"91. Carmine Red, the characteristic colour of Werner, is lake red, with a little arterial blood red. W.","182,86,110",ec153e,"236,21,62","349,85,50",OK,Photoshop autotone and color balance adjust 100px eyedropper sample,https://archive.org/download/gri_c00033125012743312/gri_c00033125012743312_jp2.zip/gri_c00033125012743312_jp2%2Fgri_c00033125012743312_0069.jpg
92,Lake Red,https://archive.org/stream/gri_c00033125012743312#page/n69/mode/1up,,"Red Tulip, Rose Officinalus",Spinel,Red,"92. Lake Red, the crimson red of Werner, is arterial blood red, with a portion of Berlin blue. W ","163,76,112",da0d44,"218,13,68","344,89,45",OK,Photoshop autotone and color balance adjust 100px eyedropper sample,https://archive.org/download/gri_c00033125012743312/gri_c00033125012743312_jp2.zip/gri_c00033125012743312_jp2%2Fgri_c00033125012743312_0069.jpg
93,Crimson Red,https://archive.org/stream/gri_c00033125012743312#page/n69/mode/1up,,,Precious Garnet,Red,"93. Crimson Red, is carmine red, with a little indigo blue. W ","172,116,124",e03d55,"224,61,85","351,72,56",OK,Photoshop autotone and color balance adjust 100px eyedropper sample,https://archive.org/download/gri_c00033125012743312/gri_c00033125012743312_jp2.zip/gri_c00033125012743312_jp2%2Fgri_c00033125012743312_0069.jpg
94,Purplish Red,https://archive.org/stream/gri_c00033125012743312#page/n69/mode/1up,Outside of Quills of Terico,Dark Crimson Officinal Garden Rose,Precious Garnet,Red,"No. 94. Purplish Red, the columbine red of Werner, is carmine red, with a little Berlin blue, and a small portion of indigo blue. W.","90,46,71",8b0013,"139,0,19","352,100,27",OK,Photoshop autotone and color balance adjust 100px eyedropper sample,https://archive.org/download/gri_c00033125012743312/gri_c00033125012743312_jp2.zip/gri_c00033125012743312_jp2%2Fgri_c00033125012743312_0069.jpg
95,Cochineal Red,https://archive.org/stream/gri_c00033125012743312#page/n69/mode/1up,,Under Disk of decayed Leaves of None-so-pretty,Dark Cinnaber,Red,"95. Cochineal Red, is lake red mixed with bluish grey. W.","114,78,78",a70c17,"167,12,23","356,87,35",OK,Photoshop autotone and color balance adjust 100px eyedropper sample,https://archive.org/download/gri_c00033125012743312/gri_c00033125012743312_jp2.zip/gri_c00033125012743312_jp2%2Fgri_c00033125012743312_0069.jpg
96,Veinous Blood Red,https://archive.org/stream/gri_c00033125012743312#page/n69/mode/1up,Veinous Blood,Musk Flower or dark Purple Scaious,Pyrope,Red,"96. Veinous Blood Red, is carmine red mixed with brownish black. W.","64,56,55",630108,"99,1,8","356,98,20",OK,Photoshop autotone and color balance adjust 100px eyedropper sample,https://archive.org/download/gri_c00033125012743312/gri_c00033125012743312_jp2.zip/gri_c00033125012743312_jp2%2Fgri_c00033125012743312_0069.jpg
97,Brownish Purple Red,https://archive.org/stream/gri_c00033125012743312#page/n69/mode/1up,,Flower of deadly Nightshade,Red Antimony Ore,Red,"97. Brownish Purple Red, the cherry red of Werner, is lake red mixed with brownish black, and a small portion of grey. W. ","136,116,112",c03c45,"192,60,69","356,52,49",OK,Photoshop autotone and color balance adjust 100px eyedropper sample,https://archive.org/download/gri_c00033125012743312/gri_c00033125012743312_jp2.zip/gri_c00033125012743312_jp2%2Fgri_c00033125012743312_0069.jpg
98,Chocolate Red,https://archive.org/stream/gri_c00033125012743312#page/n69/mode/1up,Breast of Bird of Paradise,Brown Disk of common Marigold,,Red,"98. Chocolate Red, is veinous blood red mixed with a little brownish red.","76,60,61",750209,"117,2,9","356,97,23",OK,Photoshop autotone and color balance adjust 100px eyedropper sample,https://archive.org/download/gri_c00033125012743312/gri_c00033125012743312_jp2.zip/gri_c00033125012743312_jp2%2Fgri_c00033125012743312_0069.jpg
99,Brownish Red,https://archive.org/stream/gri_c00033125012743312#page/n69/mode/1up,Mark on Throat of Red-throated Diver,,Iron Flint,Red,"99. Brownish Red, is chocolate red mixed with hyacinth red, and a little chesnut brown. W.","101,62,54",9a0407,"154,4,7","359,95,31",OK,Photoshop autotone and color balance adjust 100px eyedropper sample,https://archive.org/download/gri_c00033125012743312/gri_c00033125012743312_jp2.zip/gri_c00033125012743312_jp2%2Fgri_c00033125012743312_0069.jpg
100,Deep Orange-coloured Brown,https://archive.org/stream/gri_c00033125012743312#page/n73/mode/1up,Head of Pochard. Wing coverts of Sheldrake,Female Spike of Catstail Reed,,Browns,"No. 100. Deep Orange-coloured Brown, is chesnut brown, with a little reddish brown, and a small quantity of orange brown.","122,78,58",723b16,"114,59,22","24,68,27",Good,Photoshop autotone and color balance adjust 100px eyedropper sample,https://archive.org/download/gri_c00033125012743312/gri_c00033125012743312_jp2.zip/gri_c00033125012743312_jp2%2Fgri_c00033125012743312_0073.jpg
101,Deep Reddish Brown,https://archive.org/stream/gri_c00033125012743312#page/n73/mode/1up,"Breast of Pochard, and Neck of Teal Drake",Dead Leaves of green Panic Grass,Brown Blende,Browns,"101. Deep Reddish Brown, is chesnut brown, with a little chocolate red.","95,60,60",4d2a17,"77,42,23","21,54,20",Good,Photoshop autotone and color balance adjust 100px eyedropper sample,https://archive.org/download/gri_c00033125012743312/gri_c00033125012743312_jp2.zip/gri_c00033125012743312_jp2%2Fgri_c00033125012743312_0073.jpg
102,Umber Brown,https://archive.org/stream/gri_c00033125012743312#page/n73/mode/1up,Moor Buzzard,Disk of Rubeckia,,Browns,"102. Umber Brown, is chesnut brown, with a little blackish brown. ","88,68,60",443116,"68,49,22","35,51,18",Good,Photoshop autotone and color balance adjust 100px eyedropper sample,https://archive.org/download/gri_c00033125012743312/gri_c00033125012743312_jp2.zip/gri_c00033125012743312_jp2%2Fgri_c00033125012743312_0073.jpg
103,Chesnut Brown,https://archive.org/stream/gri_c00033125012743312#page/n73/mode/1up,Neck and Breast of Red Grouse,Chesnuts,Egyptian Jasper,Browns,"103. Chesnut Brown, the characteristic colour of the browns of Werner's series, W. is deep reddish brown and yellowish brown.","114,78,64",69411d,"105,65,29","28,57,26",Good,Photoshop autotone and color balance adjust 100px eyedropper sample,https://archive.org/download/gri_c00033125012743312/gri_c00033125012743312_jp2.zip/gri_c00033125012743312_jp2%2Fgri_c00033125012743312_0073.jpg
104,Yellowish Brown,https://archive.org/stream/gri_c00033125012743312#page/n73/mode/1up,"Light Brown Spots on Guinea-Pig, Breast of Hoopoe",,Iron Flint and common Jasper,Browns,"104. Yellowish Brown, is chesnut brown mixed with a considerable portion of lemon yellow. W. ","138,110,72",87662a,"135,102,42","39,53,35",Good,Photoshop autotone and color balance adjust 100px eyedropper sample,https://archive.org/download/gri_c00033125012743312/gri_c00033125012743312_jp2.zip/gri_c00033125012743312_jp2%2Fgri_c00033125012743312_0073.jpg
105,Wood Brown,https://archive.org/stream/gri_c00033125012743312#page/n73/mode/1up,"Common Weasel, Light parts of Feathers on the Back of the Snipe",Hazel Nuts,Mountian Wood,Browns,"No. 105. WoodBrown, is yellowish brown mixed with ash grey.","186,158,112",c0a666,"192,166,102","43,42,58",Good,Photoshop autotone and color balance adjust 100px eyedropper sample,https://archive.org/download/gri_c00033125012743312/gri_c00033125012743312_jp2.zip/gri_c00033125012743312_jp2%2Fgri_c00033125012743312_0073.jpg
106,Liver Brown,https://archive.org/stream/gri_c00033125012743312#page/n73/mode/1up,"Middle Parts of Feathers of Hen Pheasant, and Wing coverts of Grosbeak",,Semi Opal,Browns,"106. Liver Brown, is chesnut brown mixed with a little black and olive green. ","83,68,58",3f3114,"63,49,20","40,52,16",Good,Photoshop autotone and color balance adjust 100px eyedropper sample,https://archive.org/download/gri_c00033125012743312/gri_c00033125012743312_jp2.zip/gri_c00033125012743312_jp2%2Fgri_c00033125012743312_0073.jpg
107,Hair Brown,https://archive.org/stream/gri_c00033125012743312#page/n73/mode/1up,Head of Pintail Duck,,Wood Tin,Browns,"107. Hair Brown, is clove brown mixed with ash grey. W.","134,118,92",827748,"130,119,72","49,29,40",Good,Photoshop autotone and color balance adjust 100px eyedropper sample,https://archive.org/download/gri_c00033125012743312/gri_c00033125012743312_jp2.zip/gri_c00033125012743312_jp2%2Fgri_c00033125012743312_0073.jpg
108,Broccoli Brown,https://archive.org/stream/gri_c00033125012743312#page/n73/mode/1up,Head of Black headed Gull,,Zircon,Browns,"108. Broccoli Brown, is clove brown mixed with ash grey, and a small tinge of red. W.","150,132,110",958762,"149,135,98","44,21,48",Good,Photoshop autotone and color balance adjust 100px eyedropper sample,https://archive.org/download/gri_c00033125012743312/gri_c00033125012743312_jp2.zip/gri_c00033125012743312_jp2%2Fgri_c00033125012743312_0073.jpg
109,Olive Brown,https://archive.org/stream/gri_c00033125012743312#page/n73/mode/1up,Head and Neck of Male Kestril,Stems of Black Currant Bush,"Axinite, Rock Cristal",Browns,"109. Olive Brown, is ash grey mixed with a little blue, red, and chesnut brown. W. ","119,100,84",6b5c3d,"107,92,61","40,27,33",Good,Photoshop autotone and color balance adjust 100px eyedropper sample,https://archive.org/download/gri_c00033125012743312/gri_c00033125012743312_jp2.zip/gri_c00033125012743312_jp2%2Fgri_c00033125012743312_0073.jpg
110,Blackish Brown,https://archive.org/stream/gri_c00033125012743312#page/n73/mode/1up,"Stormy Petril, Wing Coverts of black Cock. Forehead of Foumart",,Mineral Pitch,Browns,"110. Blackish Brown, is composed of chesnut brown and black. W. ","70,65,56",342e14,"52,46,20","49,44,14",Good,Photoshop autotone and color balance adjust 100px eyedropper sample,https://archive.org/download/gri_c00033125012743312/gri_c00033125012743312_jp2.zip/gri_c00033125012743312_jp2%2Fgri_c00033125012743312_0073.jpg